App;TestFileName;ProductionFileName;LOC;numberMethods;Assertion Roulette;Eager Test;Mystery Guest;Sleepy Test;Unknown Test;Redundant Assertion;Dependent Test;Magic Number Test;Conditional Test Logic;EmptyTest;General Fixture;IgnoredTest;Sensitive Equality;Verbose Test;Default Test;Resource Optimism;Duplicate Assert;Exception Catching Throwing;Constructor Initialization;Print Statement;Lazy Test
commons-io;AbstractFileUtilsDeleteDirectoryTest;;257;11;0;0;0;0;0;0;0;0;0;0;0;0;0;0;0;0;0;0;0;0;0
commons-io;AbstractOriginTest;C:\Users\vicfr\.jnose_projects\commons-io\src\main\java\org\apache\commons\io\build\AbstractOrigin.java;240;30;16;1;1;0;2;0;0;3;1;0;0;2;2;1;0;0;4;13;0;0;2
commons-io;Builder;;68;1;0;0;0;0;0;0;0;2;0;0;0;0;0;0;0;0;0;0;0;0;0
commons-io;Foo;;111;8;0;0;0;0;0;0;0;0;0;0;0;0;0;0;0;0;0;0;0;0;0
commons-io;ByteArrayOriginTest;;92;8;0;0;0;0;0;0;0;0;0;0;0;0;0;0;0;0;0;0;0;0;0
commons-io;CharSequenceOriginTest;;110;10;0;0;0;0;0;0;0;0;0;0;0;0;1;0;0;0;0;0;0;0;0
commons-io;InputStreamOriginTest;;97;8;0;0;0;0;0;0;0;0;0;0;0;0;0;0;0;0;0;0;0;0;0
commons-io;OutputStreamOriginTest;;135;14;0;0;0;0;0;0;0;0;0;0;0;0;0;0;0;0;0;0;0;0;0
commons-io;RandomAccessFileOriginTest;;62;4;0;0;0;0;0;0;0;0;0;0;0;0;0;0;0;0;0;0;0;0;0
commons-io;ReaderOriginTest;;95;8;0;0;0;0;0;0;0;0;0;0;0;0;0;0;0;0;0;0;0;0;0
commons-io;URIOriginTest;;68;4;0;0;0;0;0;0;0;2;0;0;0;2;0;0;0;0;0;0;0;0;0
commons-io;WriterStreamOriginTest;;135;14;0;0;0;0;0;0;0;0;0;0;0;0;0;0;0;0;0;0;0;0;0
commons-io;ByteOrderMarkTest;C:\Users\vicfr\.jnose_projects\commons-io\src\main\java\org\apache\commons\io\ByteOrderMark.java;156;13;23;1;0;0;0;5;0;16;0;0;0;0;3;0;0;0;2;0;0;0;2
commons-io;ByteOrderParserTest;C:\Users\vicfr\.jnose_projects\commons-io\src\main\java\org\apache\commons\io\ByteOrderParser.java;49;4;0;0;0;0;0;0;0;0;0;0;0;0;0;0;0;0;0;0;0;0;1
commons-io;FileChannelsTest;C:\Users\vicfr\.jnose_projects\commons-io\src\main\java\org\apache\commons\io\channels\FileChannels.java;361;19;39;0;2;0;2;0;0;0;0;0;0;1;0;3;0;2;4;5;0;0;1
commons-io;CharsetDecodersTest;C:\Users\vicfr\.jnose_projects\commons-io\src\main\java\org\apache\commons\io\charset\CharsetDecoders.java;54;3;3;0;0;0;0;0;0;0;0;0;0;0;0;0;0;0;0;0;0;0;1
commons-io;CharsetEncodersTest;C:\Users\vicfr\.jnose_projects\commons-io\src\main\java\org\apache\commons\io\charset\CharsetEncoders.java;54;3;3;0;0;0;0;0;0;0;0;0;0;0;0;0;0;0;0;0;0;0;1
commons-io;CharsetsTest;C:\Users\vicfr\.jnose_projects\commons-io\src\main\java\org\apache\commons\io\Charsets.java;125;13;14;0;0;0;0;0;0;0;0;0;0;0;0;0;0;0;0;0;0;0;1
commons-io;ComparatorAbstractTest;;133;14;0;0;0;0;0;0;0;0;0;0;0;0;0;0;0;0;0;0;0;0;0
commons-io;CompositeFileComparatorTest;C:\Users\vicfr\.jnose_projects\commons-io\src\main\java\org\apache\commons\io\comparator\CompositeFileComparator.java;118;4;0;3;0;0;0;0;0;7;0;0;0;0;4;0;0;1;0;0;0;0;3
commons-io;DefaultFileComparatorTest;C:\Users\vicfr\.jnose_projects\commons-io\src\main\java\org\apache\commons\io\comparator\DefaultFileComparator.java;37;1;0;0;0;0;0;0;0;0;0;0;0;0;0;0;0;1;0;0;0;0;0
commons-io;DirectoryFileComparatorTest;C:\Users\vicfr\.jnose_projects\commons-io\src\main\java\org\apache\commons\io\comparator\DirectoryFileComparator.java;58;3;0;0;0;0;0;0;0;0;0;2;0;0;0;0;0;1;0;0;0;0;0
commons-io;ExtensionFileComparatorTest;C:\Users\vicfr\.jnose_projects\commons-io\src\main\java\org\apache\commons\io\comparator\ExtensionFileComparator.java;58;2;0;1;1;0;0;0;0;7;0;0;0;0;0;0;0;2;0;0;0;0;0
commons-io;LastModifiedFileComparatorTest;C:\Users\vicfr\.jnose_projects\commons-io\src\main\java\org\apache\commons\io\comparator\LastModifiedFileComparator.java;74;1;0;0;0;0;0;0;0;0;0;0;0;0;0;0;0;1;0;0;0;0;0
commons-io;NameFileComparatorTest;C:\Users\vicfr\.jnose_projects\commons-io\src\main\java\org\apache\commons\io\comparator\NameFileComparator.java;58;2;0;1;1;0;0;0;0;7;0;0;0;0;0;0;0;2;0;0;0;0;0
commons-io;PathFileComparatorTest;C:\Users\vicfr\.jnose_projects\commons-io\src\main\java\org\apache\commons\io\comparator\PathFileComparator.java;58;2;0;1;1;0;0;0;0;7;0;0;0;0;0;0;0;2;0;0;0;0;0
commons-io;SizeFileComparatorTest;C:\Users\vicfr\.jnose_projects\commons-io\src\main\java\org\apache\commons\io\comparator\SizeFileComparator.java;103;7;0;0;0;0;0;0;0;0;0;0;0;0;0;0;0;0;0;0;0;0;0
commons-io;CopyUtilsTest;C:\Users\vicfr\.jnose_projects\commons-io\src\main\java\org\apache\commons\io\CopyUtils.java;255;15;0;0;0;0;1;0;0;2;0;0;0;0;2;0;0;0;0;0;0;0;1
commons-io;DeleteDirectoryTest;;125;5;0;0;0;0;3;0;0;0;0;0;0;1;5;0;0;0;0;0;0;0;0
commons-io;WriterThread;;197;5;0;0;0;0;0;0;0;0;0;0;0;0;0;0;0;0;0;0;0;0;0
commons-io;TestMultiThreadCancelWalker;;550;10;0;0;0;0;0;0;0;0;0;0;0;0;0;0;0;0;0;0;0;0;0
commons-io;EndianUtilsTest;C:\Users\vicfr\.jnose_projects\commons-io\src\main\java\org\apache\commons\io\EndianUtils.java;324;23;66;3;0;0;1;0;0;18;1;0;0;0;0;0;0;0;26;0;0;0;15
commons-io;AbstractTempDirTest;;80;8;0;0;0;0;0;0;0;0;0;0;0;0;0;0;0;0;0;0;0;0;0
commons-io;AccumulatorPathVisitorTest;C:\Users\vicfr\.jnose_projects\commons-io\src\main\java\org\apache\commons\io\file\AccumulatorPathVisitor.java;279;11;32;8;0;0;2;18;0;16;5;0;0;2;0;1;0;0;2;1;0;0;5
commons-io;FileTimesTest;C:\Users\vicfr\.jnose_projects\commons-io\src\main\java\org\apache\commons\io\file\attribute\FileTimes.java;276;26;14;15;0;0;0;0;0;1;3;0;0;0;0;0;0;0;0;0;0;0;6
commons-io;CleaningPathVisitorTest;C:\Users\vicfr\.jnose_projects\commons-io\src\main\java\org\apache\commons\io\file\CleaningPathVisitor.java;159;9;28;5;0;0;2;12;0;4;0;0;0;0;0;0;0;0;2;0;0;0;3
commons-io;CopyDirectoryVisitorTest;C:\Users\vicfr\.jnose_projects\commons-io\src\main\java\org\apache\commons\io\file\CopyDirectoryVisitor.java;145;7;26;5;0;0;0;6;0;5;0;0;0;0;0;0;0;0;1;2;0;0;5
commons-io;CountersEqualsAndHashCodeTest;;125;16;0;0;0;0;10;0;0;0;0;0;0;6;0;0;0;0;0;0;0;0;0
commons-io;CountersTest;C:\Users\vicfr\.jnose_projects\commons-io\src\main\java\org\apache\commons\io\file\Counters.java;82;6;2;2;0;0;2;0;0;6;0;0;0;0;0;0;0;0;0;0;0;0;4
commons-io;CountingPathVisitorTest;C:\Users\vicfr\.jnose_projects\commons-io\src\main\java\org\apache\commons\io\file\CountingPathVisitor.java;89;6;0;0;0;0;1;0;0;4;0;0;0;1;0;0;0;0;0;1;0;0;0
commons-io;DeletingPathVisitorTest;C:\Users\vicfr\.jnose_projects\commons-io\src\main\java\org\apache\commons\io\file\DeletingPathVisitor.java;179;11;18;3;0;0;2;4;0;7;0;0;0;0;0;0;0;0;2;0;0;0;3
commons-io;DirectoryStreamFilterTest;C:\Users\vicfr\.jnose_projects\commons-io\src\main\java\org\apache\commons\io\file\DirectoryStreamFilter.java;62;3;3;2;0;0;0;0;0;0;0;0;0;0;0;0;0;0;0;2;0;0;2
commons-io;FilesUncheckTest;C:\Users\vicfr\.jnose_projects\commons-io\src\main\java\org\apache\commons\io\file\FilesUncheck.java;471;66;4;16;0;0;3;0;0;17;0;0;0;0;0;0;0;0;0;17;0;0;17
commons-io;PathUtilsCleanDirectoryTest;;71;5;0;0;0;0;0;0;0;4;0;0;0;0;0;0;0;0;0;0;0;0;0
commons-io;PathUtilsContentEqualsTest;;373;20;0;0;0;0;0;0;0;0;0;0;0;0;0;0;0;0;0;0;0;0;0
commons-io;PathUtilsCountingTest;;83;5;0;0;0;0;0;0;0;5;0;0;0;0;0;0;0;0;0;0;0;0;0
commons-io;PathUtilsDeleteDirectoryTest;;112;8;0;0;0;0;2;0;0;5;0;0;0;1;0;0;0;0;0;0;0;0;0
commons-io;PathUtilsDeleteFileTest;;141;8;0;0;0;0;1;0;0;4;0;0;0;1;0;0;0;0;0;0;0;0;0
commons-io;PathUtilsDeleteTest;;188;20;0;0;0;0;14;0;0;6;0;0;0;4;0;0;0;0;0;0;0;0;0
commons-io;PathUtilsIsEmptyTest;;63;6;0;0;0;0;0;0;0;0;0;0;0;0;0;0;0;0;0;0;0;0;0
commons-io;PathUtilsTest;C:\Users\vicfr\.jnose_projects\commons-io\src\main\java\org\apache\commons\io\file\PathUtils.java;603;55;65;5;2;0;4;0;0;3;9;0;0;0;6;1;0;2;10;15;0;0;6
commons-io;PathUtilsVisitorTest;;103;6;0;0;0;0;0;0;0;0;0;0;0;0;0;0;0;0;0;0;0;0;0
commons-io;FileSystemProvidersTest;C:\Users\vicfr\.jnose_projects\commons-io\src\main\java\org\apache\commons\io\file\spi\FileSystemProviders.java;65;6;0;4;0;0;0;0;0;0;1;0;0;0;0;0;0;0;0;0;0;0;2
commons-io;TempDirectoryTest;C:\Users\vicfr\.jnose_projects\commons-io\src\test\java\org\apache\commons\io\file\TempDirectory.java;61;2;2;2;0;0;0;0;0;0;0;0;0;0;0;0;0;0;0;2;0;0;3
commons-io;TempFileTest;C:\Users\vicfr\.jnose_projects\commons-io\src\test\java\org\apache\commons\io\file\TempFile.java;60;2;2;2;0;0;0;0;0;0;0;0;0;0;0;0;0;0;0;2;0;0;2
commons-io;TestArguments;;65;5;0;0;0;0;0;0;0;0;0;0;0;0;0;0;0;0;0;0;0;0;0
commons-io;FileCleaningTrackerTest;C:\Users\vicfr\.jnose_projects\commons-io\src\main\java\org\apache\commons\io\FileCleaningTracker.java;382;22;0;0;0;0;0;0;0;0;0;0;0;0;0;0;0;0;0;0;0;0;0
commons-io;FileDeleteStrategyTest;C:\Users\vicfr\.jnose_projects\commons-io\src\main\java\org\apache\commons\io\FileDeleteStrategy.java;143;6;0;0;0;0;0;0;0;0;0;0;0;0;0;0;0;0;0;0;0;0;0
commons-io;AbstractConditionalFileFilterTest;;182;22;0;0;0;0;0;0;0;0;0;0;0;0;0;0;0;0;0;0;0;0;0
commons-io;AbstractFilterTest;;182;7;0;0;0;0;0;0;0;0;0;0;0;0;0;0;0;0;0;0;0;0;0
commons-io;TesterTrueFileFilter;;141;7;0;0;0;0;0;0;0;0;0;0;0;0;0;0;0;0;0;0;0;0;0
commons-io;AgeFileFilterTest;C:\Users\vicfr\.jnose_projects\commons-io\src\main\java\org\apache\commons\io\filefilter\AgeFileFilter.java;108;3;6;0;1;0;0;0;0;4;0;0;0;0;0;1;0;1;0;0;0;0;1
commons-io;AndFileFilterTest;C:\Users\vicfr\.jnose_projects\commons-io\src\main\java\org\apache\commons\io\filefilter\AndFileFilter.java;313;19;1;1;0;0;0;0;0;0;0;0;0;0;0;0;0;0;0;0;0;0;0
commons-io;DirectoryFileFilterTest;C:\Users\vicfr\.jnose_projects\commons-io\src\main\java\org\apache\commons\io\filefilter\DirectoryFileFilter.java;92;2;5;0;1;0;0;0;0;4;0;0;0;0;0;0;0;1;0;0;0;0;0
commons-io;FileFilterTest;;1459;55;0;0;0;0;0;0;0;10;0;0;0;0;5;17;0;41;0;0;0;0;0
commons-io;NameFileFilterTest;C:\Users\vicfr\.jnose_projects\commons-io\src\main\java\org\apache\commons\io\filefilter\NameFileFilter.java;112;3;12;0;1;0;0;0;0;8;0;0;0;0;0;1;0;1;3;0;0;0;1
commons-io;OrFileFilterTest;C:\Users\vicfr\.jnose_projects\commons-io\src\main\java\org\apache\commons\io\filefilter\OrFileFilter.java;295;18;0;0;0;0;0;0;0;0;0;0;0;0;0;0;0;0;0;0;0;0;0
commons-io;PathMatcherFileFilterTest;C:\Users\vicfr\.jnose_projects\commons-io\src\main\java\org\apache\commons\io\filefilter\PathMatcherFileFilter.java;50;1;3;1;1;0;0;0;0;0;0;0;0;0;0;0;0;1;0;0;0;0;0
commons-io;RegexFileFilterTest;C:\Users\vicfr\.jnose_projects\commons-io\src\main\java\org\apache\commons\io\filefilter\RegexFileFilter.java;173;6;0;0;1;0;0;0;0;0;0;0;0;0;2;1;0;1;7;0;0;0;1
commons-io;SymbolicLinkFileFilterTest;C:\Users\vicfr\.jnose_projects\commons-io\src\main\java\org\apache\commons\io\filefilter\SymbolicLinkFileFilter.java;221;40;0;0;0;0;0;0;0;0;0;0;0;0;0;0;0;0;0;0;0;0;0
commons-io;WildcardFileFilterTest;C:\Users\vicfr\.jnose_projects\commons-io\src\main\java\org\apache\commons\io\filefilter\WildcardFileFilter.java;167;1;14;1;1;0;0;0;0;0;0;0;0;0;0;1;0;1;15;0;0;0;0
commons-io;FilenameUtilsTest;C:\Users\vicfr\.jnose_projects\commons-io\src\main\java\org\apache\commons\io\FilenameUtils.java;1190;48;752;3;0;0;0;0;0;58;11;0;4;0;0;12;0;0;12;0;0;0;12
commons-io;FilenameUtilsWildcardTest;;248;9;0;0;0;0;0;0;0;0;0;0;0;0;1;2;0;0;0;0;0;0;0
commons-io;FileSystemTest;C:\Users\vicfr\.jnose_projects\commons-io\src\main\java\org\apache\commons\io\FileSystem.java;153;9;9;7;0;0;0;0;0;6;16;0;0;0;0;0;0;0;2;1;0;0;5
commons-io;FileSystemUtilsTest;C:\Users\vicfr\.jnose_projects\commons-io\src\main\java\org\apache\commons\io\FileSystemUtils.java;90;8;6;0;0;0;0;0;0;11;0;0;0;0;0;0;0;0;0;0;0;0;2
commons-io;FileUtilsCleanDirectoryTest;;133;6;0;0;0;0;1;0;0;6;0;0;0;0;0;0;0;3;0;0;0;0;0
commons-io;FileUtilsCleanSymlinksTest;;263;10;0;0;0;0;0;0;0;0;0;0;0;0;0;0;0;0;0;0;0;0;0
commons-io;FileUtilsCopyDirectoryToDirectoryTest;;119;8;0;0;0;0;0;0;0;0;0;0;0;0;0;0;0;0;0;0;0;0;0
commons-io;CheckingInputStream;;99;4;0;0;0;0;0;0;0;0;0;0;0;0;0;0;0;0;0;0;0;0;0
commons-io;FileUtilsDeleteDirectoryLinuxTest;;119;4;0;0;0;0;0;0;0;2;0;0;0;0;0;0;0;2;0;0;0;0;0
commons-io;FileUtilsDeleteDirectoryWindowsTest;;59;1;0;0;0;0;0;0;0;0;0;0;0;0;0;0;0;0;0;0;0;0;0
commons-io;FileUtilsDirectoryContainsTest;;173;22;0;0;0;0;0;0;0;0;0;0;0;0;0;0;0;0;0;0;0;0;0
commons-io;FileUtilsFileNewerTest;;169;12;0;0;0;0;0;0;0;0;0;0;0;0;0;0;0;0;0;0;0;0;0
commons-io;FileUtilsListFilesTest;;310;10;0;0;0;0;0;0;0;0;0;0;0;0;0;0;0;0;0;0;0;0;0
commons-io;ListDirectoryWalker;;3573;4;0;0;0;0;0;0;0;0;0;0;0;0;0;0;0;0;0;0;0;0;0
commons-io;FileUtilsWaitForTest;;106;9;0;0;0;0;0;0;0;0;0;0;0;0;0;0;0;0;0;0;0;0;0
commons-io;EraseTest;C:\Users\vicfr\.jnose_projects\commons-io\src\main\java\org\apache\commons\io\function\Erase.java;97;11;3;0;0;0;0;0;0;10;0;0;0;9;0;0;0;0;0;0;0;0;2
commons-io;MyRuntimeException;;349;2;0;0;0;0;4;0;0;19;0;0;0;5;0;0;0;0;0;0;0;0;0
commons-io;IOBiConsumerTest;C:\Users\vicfr\.jnose_projects\commons-io\src\main\java\org\apache\commons\io\function\IOBiConsumer.java;69;4;0;0;0;0;1;0;0;0;0;0;0;0;0;0;0;0;0;0;0;0;0
commons-io;IOBiFunctionTest;C:\Users\vicfr\.jnose_projects\commons-io\src\main\java\org\apache\commons\io\function\IOBiFunction.java;90;5;1;0;0;0;0;0;0;0;0;0;0;0;0;0;0;0;0;0;0;0;0
commons-io;IOBinaryOperatorStreamTest;;106;10;0;0;0;0;0;0;0;0;0;0;0;0;0;0;0;0;0;0;0;0;0
commons-io;IOBooleanSupplierTest;C:\Users\vicfr\.jnose_projects\commons-io\src\main\java\org\apache\commons\io\function\IOBooleanSupplier.java;68;6;3;0;0;0;0;1;0;0;0;0;0;0;0;0;0;0;0;0;0;0;0
commons-io;IOComparatorTest;C:\Users\vicfr\.jnose_projects\commons-io\src\main\java\org\apache\commons\io\function\IOComparator.java;63;6;0;0;0;0;0;0;0;3;0;0;0;0;0;0;0;0;0;0;0;0;0
commons-io;IOConsumerTest;C:\Users\vicfr\.jnose_projects\commons-io\src\main\java\org\apache\commons\io\function\IOConsumer.java;156;10;0;0;0;0;0;0;0;0;0;0;0;2;0;0;0;0;0;0;0;0;2
commons-io;Holder;;175;1;0;0;0;0;0;1;0;17;0;0;0;0;0;0;0;0;0;0;0;0;0
commons-io;IOIntConsumerTest;C:\Users\vicfr\.jnose_projects\commons-io\src\main\java\org\apache\commons\io\function\IOIntConsumer.java;78;5;0;0;0;0;0;0;0;2;0;0;0;5;0;0;0;0;0;0;0;0;0
commons-io;IOIntSupplierTest;C:\Users\vicfr\.jnose_projects\commons-io\src\main\java\org\apache\commons\io\function\IOIntSupplier.java;69;6;3;0;0;0;0;1;0;4;0;0;0;0;0;0;0;0;0;0;0;0;0
commons-io;Fixture;;91;3;0;0;0;0;0;0;0;3;0;0;0;0;0;0;0;0;0;0;0;0;0
commons-io;IOIteratorAdapterTest;C:\Users\vicfr\.jnose_projects\commons-io\src\main\java\org\apache\commons\io\function\IOIteratorAdapter.java;94;9;2;0;0;0;0;0;0;0;1;0;0;0;0;0;0;0;2;0;0;0;2
commons-io;IOIteratorTest;C:\Users\vicfr\.jnose_projects\commons-io\src\main\java\org\apache\commons\io\function\IOIterator.java;102;10;3;0;0;0;0;0;0;0;1;0;0;0;0;0;0;0;2;0;0;0;0
commons-io;IOLongSupplierTest;C:\Users\vicfr\.jnose_projects\commons-io\src\main\java\org\apache\commons\io\function\IOLongSupplier.java;69;6;3;0;0;0;0;1;0;0;0;0;0;0;0;0;0;0;0;0;0;0;0
commons-io;IOPredicateTest;C:\Users\vicfr\.jnose_projects\commons-io\src\main\java\org\apache\commons\io\function\IOPredicate.java;173;19;22;0;0;0;0;4;0;0;0;0;0;0;0;0;0;0;0;0;0;0;3
commons-io;IOQuadFunctionTest;C:\Users\vicfr\.jnose_projects\commons-io\src\main\java\org\apache\commons\io\function\IOQuadFunction.java;90;2;8;0;0;0;0;0;0;2;0;0;0;0;0;0;0;0;0;0;0;0;0
commons-io;IORunnableTest;C:\Users\vicfr\.jnose_projects\commons-io\src\main\java\org\apache\commons\io\function\IORunnable.java;66;3;0;0;0;0;0;0;0;0;0;0;0;0;0;0;0;0;0;0;0;0;0
commons-io;IOSpliteratorTest;C:\Users\vicfr\.jnose_projects\commons-io\src\main\java\org\apache\commons\io\function\IOSpliterator.java;143;15;14;0;0;0;0;0;0;8;1;0;0;0;0;0;0;0;0;0;0;0;1
commons-io;IOStreamTest;C:\Users\vicfr\.jnose_projects\commons-io\src\main\java\org\apache\commons\io\function\IOStream.java;579;57;49;0;0;0;2;0;0;40;5;0;0;0;7;1;0;0;3;0;0;0;2
commons-io;IOSupplierTest;C:\Users\vicfr\.jnose_projects\commons-io\src\main\java\org\apache\commons\io\function\IOSupplier.java;89;8;9;0;0;0;0;2;0;0;0;0;0;0;0;0;0;0;0;0;0;0;0
commons-io;IOTriConsumerTest;C:\Users\vicfr\.jnose_projects\commons-io\src\main\java\org\apache\commons\io\function\IOTriConsumer.java;54;3;0;0;0;0;1;0;0;0;0;0;0;0;0;0;0;0;0;0;0;0;0
commons-io;IOTriFunctionTest;C:\Users\vicfr\.jnose_projects\commons-io\src\main\java\org\apache\commons\io\function\IOTriFunction.java;83;2;6;0;0;0;0;0;0;0;0;0;0;0;0;0;0;0;0;0;0;0;0
commons-io;IOUnaryOperatorTest;C:\Users\vicfr\.jnose_projects\commons-io\src\main\java\org\apache\commons\io\function\IOUnaryOperator.java;56;2;3;0;0;0;0;1;0;0;0;0;0;0;0;0;0;0;0;0;0;0;1
commons-io;UncheckTest;C:\Users\vicfr\.jnose_projects\commons-io\src\main\java\org\apache\commons\io\function\Uncheck.java;367;34;27;8;0;0;0;0;0;7;0;0;0;0;0;0;0;0;0;4;0;0;6
commons-io;HexDumpTest;C:\Users\vicfr\.jnose_projects\commons-io\src\main\java\org\apache\commons\io\HexDump.java;279;4;3;0;0;0;0;0;0;0;20;0;0;0;3;2;0;0;2;0;0;0;1
commons-io;AbstractInputStreamTest;C:\Users\vicfr\.jnose_projects\commons-io\src\main\java\org\apache\commons\io\input\AbstractInputStream.java;235;23;15;0;0;0;0;0;0;17;24;0;3;0;0;0;0;0;4;0;0;0;0
commons-io;AutoCloseInputStreamTest;C:\Users\vicfr\.jnose_projects\commons-io\src\main\java\org\apache\commons\io\input\AutoCloseInputStream.java;231;20;15;5;0;0;5;0;0;12;5;0;2;1;0;0;0;0;5;10;0;0;3
commons-io;ExpectCloseInputStream;;826;4;0;0;0;0;12;0;0;51;0;0;0;0;0;0;0;0;0;0;0;0;0
commons-io;BoundedInputStreamTest;C:\Users\vicfr\.jnose_projects\commons-io\src\main\java\org\apache\commons\io\input\BoundedInputStream.java;609;15;132;13;0;0;1;0;0;32;14;0;0;0;0;6;0;0;33;33;0;0;12
commons-io;BoundedReaderTest;C:\Users\vicfr\.jnose_projects\commons-io\src\main\java\org\apache\commons\io\input\BoundedReader.java;245;23;9;10;1;0;2;0;0;11;1;0;0;1;0;0;0;1;1;14;0;0;4
commons-io;BrokenInputStreamTest;C:\Users\vicfr\.jnose_projects\commons-io\src\main\java\org\apache\commons\io\input\BrokenInputStream.java;137;9;5;2;0;0;0;0;0;2;0;0;0;0;0;0;0;0;0;2;0;0;3
commons-io;BrokenReaderTest;C:\Users\vicfr\.jnose_projects\commons-io\src\main\java\org\apache\commons\io\input\BrokenReader.java;134;11;3;0;0;0;0;0;0;1;0;0;0;0;0;0;0;0;0;1;0;0;1
commons-io;CircularBufferInputStreamTest;C:\Users\vicfr\.jnose_projects\commons-io\src\main\java\org\apache\commons\io\input\buffer\CircularBufferInputStream.java;102;5;0;2;0;0;0;0;0;1;4;0;0;0;0;1;0;0;0;1;0;0;2
commons-io;CircularByteBufferTest;C:\Users\vicfr\.jnose_projects\commons-io\src\main\java\org\apache\commons\io\input\buffer\CircularByteBuffer.java;165;14;22;14;0;0;0;0;0;18;0;0;0;0;0;0;0;0;7;0;0;0;6
commons-io;PeekableInputStreamTest;C:\Users\vicfr\.jnose_projects\commons-io\src\main\java\org\apache\commons\io\input\buffer\PeekableInputStream.java;103;5;0;2;0;0;0;0;0;1;4;0;0;0;0;1;0;0;0;1;0;0;2
commons-io;BufferedFileChannelInputStreamTest;C:\Users\vicfr\.jnose_projects\commons-io\src\main\java\org\apache\commons\io\input\BufferedFileChannelInputStream.java;76;4;0;1;0;0;0;0;0;1;2;0;0;0;0;0;0;0;0;0;0;0;0
commons-io;ByteBufferCleanerTest;C:\Users\vicfr\.jnose_projects\commons-io\src\main\java\org\apache\commons\io\input\ByteBufferCleaner.java;53;3;0;0;0;0;2;0;0;0;0;0;0;3;0;0;0;0;0;0;0;0;1
commons-io;CharacterFilterReaderIntPredicateTest;;129;10;0;0;0;0;0;0;0;10;0;0;0;0;2;0;0;0;0;0;0;0;0
commons-io;CharacterFilterReaderTest;C:\Users\vicfr\.jnose_projects\commons-io\src\main\java\org\apache\commons\io\input\CharacterFilterReader.java;116;9;3;7;0;0;0;0;0;8;1;0;0;0;3;0;0;0;0;8;0;0;2
commons-io;CharacterSetFilterReaderTest;C:\Users\vicfr\.jnose_projects\commons-io\src\main\java\org\apache\commons\io\input\CharacterSetFilterReader.java;155;12;5;11;0;0;0;0;0;10;1;0;0;0;2;0;0;0;0;11;0;0;2
commons-io;CharSequenceInputStreamTest;C:\Users\vicfr\.jnose_projects\commons-io\src\main\java\org\apache\commons\io\input\CharSequenceInputStream.java;562;59;20;23;0;0;27;0;0;23;11;0;0;11;0;1;0;0;14;23;0;0;10
commons-io;CharSequenceReaderTest;C:\Users\vicfr\.jnose_projects\commons-io\src\main\java\org\apache\commons\io\input\CharSequenceReader.java;314;17;72;9;0;0;5;0;0;38;0;0;0;3;2;2;0;0;15;12;0;0;5
commons-io;ChecksumInputStreamTest;C:\Users\vicfr\.jnose_projects\commons-io\src\main\java\org\apache\commons\io\input\ChecksumInputStream.java;232;10;33;6;0;0;0;0;0;25;0;0;0;0;0;1;0;0;5;10;0;0;6
commons-io;CircularInputStreamTest;C:\Users\vicfr\.jnose_projects\commons-io\src\main\java\org\apache\commons\io\input\CircularInputStream.java;144;13;11;3;0;0;0;0;0;13;2;0;0;0;0;0;0;0;3;6;0;0;2
commons-io;TestFixture;;158;8;0;0;0;0;0;0;0;0;0;0;0;0;0;0;0;0;0;0;0;0;0
commons-io;ClosedInputStreamTest;C:\Users\vicfr\.jnose_projects\commons-io\src\main\java\org\apache\commons\io\input\ClosedInputStream.java;113;9;14;4;0;0;0;0;0;13;0;0;0;0;0;0;0;0;4;8;0;0;2
commons-io;ClosedReaderTest;C:\Users\vicfr\.jnose_projects\commons-io\src\main\java\org\apache\commons\io\input\ClosedReader.java;91;7;8;0;0;0;0;0;0;3;0;0;0;0;0;0;0;0;1;7;0;0;1
commons-io;CloseShieldInputStreamTest;C:\Users\vicfr\.jnose_projects\commons-io\src\main\java\org\apache\commons\io\input\CloseShieldInputStream.java;110;11;2;3;0;0;0;0;0;6;0;0;2;0;0;0;0;0;0;3;0;0;3
commons-io;CloseShieldReaderTest;C:\Users\vicfr\.jnose_projects\commons-io\src\main\java\org\apache\commons\io\input\CloseShieldReader.java;58;5;0;0;0;0;0;0;0;3;0;0;0;0;0;0;0;0;0;0;0;0;0
commons-io;CountingInputStreamTest;C:\Users\vicfr\.jnose_projects\commons-io\src\main\java\org\apache\commons\io\input\CountingInputStream.java;244;14;21;10;0;0;1;0;0;20;0;0;0;0;0;0;0;0;3;12;0;0;4
commons-io;InfiniteCircularInputStreamTest;C:\Users\vicfr\.jnose_projects\commons-io\src\main\java\org\apache\commons\io\input\InfiniteCircularInputStream.java;141;12;15;0;0;0;1;0;0;18;2;0;0;0;0;0;0;0;5;5;0;0;0
commons-io;MarkTestableInputStream;;176;4;0;0;0;0;1;0;0;8;0;0;0;0;0;0;0;0;0;0;0;0;0
commons-io;MemoryMappedFileInputStreamTest;C:\Users\vicfr\.jnose_projects\commons-io\src\main\java\org\apache\commons\io\input\MemoryMappedFileInputStream.java;327;24;13;4;0;0;0;0;0;20;0;0;0;0;0;0;0;0;1;19;0;0;5
commons-io;MessageDigestCalculatingInputStreamTest;C:\Users\vicfr\.jnose_projects\commons-io\src\main\java\org\apache\commons\io\input\MessageDigestCalculatingInputStream.java;170;9;8;2;0;0;1;0;0;4;1;0;0;0;0;1;0;0;3;11;0;0;2
commons-io;MessageDigestInputStreamTest;C:\Users\vicfr\.jnose_projects\commons-io\src\main\java\org\apache\commons\io\input\MessageDigestInputStream.java;160;10;5;3;0;0;0;0;0;4;1;0;0;0;0;0;0;0;2;8;0;0;3
commons-io;TestNullInputStream;;352;4;0;0;0;0;0;0;0;32;0;0;0;0;0;3;0;0;0;0;0;0;0
commons-io;TestNullReader;;214;4;0;0;0;0;0;0;0;12;0;0;0;0;0;2;0;0;0;0;0;0;0
commons-io;MethodCountObserver;;389;15;0;0;0;0;3;0;0;35;0;0;0;1;0;1;0;0;0;0;0;0;0
commons-io;Builder;;358;1;0;0;0;0;2;0;0;24;0;0;0;3;0;0;0;0;0;0;0;0;0
commons-io;ProxyReaderImpl;;68;1;0;0;0;0;2;0;0;0;0;0;0;0;0;0;0;0;0;0;0;0;0
commons-io;QueueInputStreamTest;C:\Users\vicfr\.jnose_projects\commons-io\src\main\java\org\apache\commons\io\input\QueueInputStream.java;257;17;6;7;0;0;0;0;0;8;0;0;0;0;1;0;0;0;3;12;0;0;5
commons-io;RandomAccessFileInputStreamTest;C:\Users\vicfr\.jnose_projects\commons-io\src\main\java\org\apache\commons\io\input\RandomAccessFileInputStream.java;357;24;63;19;1;0;0;0;0;30;0;0;0;0;0;1;0;1;5;18;0;0;11
commons-io;ReadAheadInputStreamTest;C:\Users\vicfr\.jnose_projects\commons-io\src\main\java\org\apache\commons\io\input\ReadAheadInputStream.java;60;1;0;0;0;0;0;0;0;0;0;0;0;0;0;0;0;0;0;0;0;0;0
commons-io;ReaderInputStreamTest;C:\Users\vicfr\.jnose_projects\commons-io\src\main\java\org\apache\commons\io\input\ReaderInputStream.java;386;37;18;16;0;0;9;0;0;15;4;0;0;4;4;0;0;0;8;24;0;0;8
commons-io;ReversedLinesFileReaderParamBlockSizeTest;;262;36;0;0;0;0;0;0;0;0;0;0;0;0;0;0;0;17;0;0;0;0;0
commons-io;ReversedLinesFileReaderParamFileTest;;127;7;0;0;0;0;2;0;0;1;0;0;0;1;0;1;0;0;0;0;0;0;0
commons-io;ReversedLinesFileReaderSimpleTest;;111;6;0;0;0;0;0;0;0;2;0;0;0;0;3;0;0;6;0;0;0;0;0
commons-io;CustomReader;;276;5;0;0;0;0;4;0;0;9;0;0;0;0;0;1;0;0;0;0;0;0;0
commons-io;SwappedDataInputStreamTest;C:\Users\vicfr\.jnose_projects\commons-io\src\main\java\org\apache\commons\io\input\SwappedDataInputStream.java;148;19;2;2;0;0;1;0;0;2;1;0;1;0;0;0;0;0;1;1;0;0;2
commons-io;TaggedInputStreamTest;C:\Users\vicfr\.jnose_projects\commons-io\src\main\java\org\apache\commons\io\input\TaggedInputStream.java;106;5;15;2;0;0;1;0;0;8;0;0;0;0;0;0;0;0;0;3;0;0;3
commons-io;TaggedReaderTest;C:\Users\vicfr\.jnose_projects\commons-io\src\main\java\org\apache\commons\io\input\TaggedReader.java;99;4;15;2;0;0;0;0;0;6;0;0;0;0;0;0;0;0;0;3;0;0;3
commons-io;TestTailerListener;;732;18;0;0;0;0;0;0;0;0;0;0;0;0;0;0;0;0;0;0;0;0;0
commons-io;TeeInputStreamTest;C:\Users\vicfr\.jnose_projects\commons-io\src\main\java\org\apache\commons\io\input\TeeInputStream.java;164;14;24;2;0;0;1;0;0;8;0;0;2;0;7;0;0;0;1;0;0;0;3
commons-io;TeeReaderTest;C:\Users\vicfr\.jnose_projects\commons-io\src\main\java\org\apache\commons\io\input\TeeReader.java;169;13;30;2;0;0;0;0;0;14;0;0;2;0;8;0;0;0;1;0;0;0;3
commons-io;ThrottledInputStreamTest;C:\Users\vicfr\.jnose_projects\commons-io\src\main\java\org\apache\commons\io\input\ThrottledInputStream.java;191;7;25;2;0;0;1;0;0;26;0;0;0;1;0;1;0;0;3;10;0;0;2
commons-io;TimestampedObserverTest;C:\Users\vicfr\.jnose_projects\commons-io\src\main\java\org\apache\commons\io\input\TimestampedObserver.java;81;2;14;1;0;0;1;0;0;4;0;0;0;0;2;0;0;0;4;2;0;0;1
commons-io;UncheckedBufferedReaderTest;C:\Users\vicfr\.jnose_projects\commons-io\src\main\java\org\apache\commons\io\input\UncheckedBufferedReader.java;216;24;26;10;0;0;0;0;0;18;0;0;0;0;0;0;0;0;10;8;0;0;9
commons-io;UncheckedFilterInputStreamTest;C:\Users\vicfr\.jnose_projects\commons-io\src\main\java\org\apache\commons\io\input\UncheckedFilterInputStream.java;149;16;17;6;0;0;0;0;0;11;0;0;0;0;0;0;0;0;7;4;0;0;6
commons-io;UncheckedFilterReaderTest;C:\Users\vicfr\.jnose_projects\commons-io\src\main\java\org\apache\commons\io\input\UncheckedFilterReader.java;194;21;24;8;0;0;0;0;0;18;0;0;0;0;0;0;0;0;9;6;0;0;8
commons-io;UnixLineEndingInputStreamTest;C:\Users\vicfr\.jnose_projects\commons-io\src\main\java\org\apache\commons\io\input\UnixLineEndingInputStream.java;112;11;1;0;0;0;0;0;0;3;0;0;0;0;0;0;0;0;0;0;0;0;0
commons-io;UnsynchronizedBufferedInputStreamTest;C:\Users\vicfr\.jnose_projects\commons-io\src\main\java\org\apache\commons\io\input\UnsynchronizedBufferedInputStream.java;415;22;1;10;0;1;2;0;0;19;3;0;3;0;0;3;0;0;0;2;0;0;6
commons-io;UnsynchronizedBufferedReaderTest;C:\Users\vicfr\.jnose_projects\commons-io\src\main\java\org\apache\commons\io\input\UnsynchronizedBufferedReader.java;591;23;55;14;0;0;0;1;0;29;8;0;0;0;0;4;0;0;7;16;0;0;8
commons-io;UnsynchronizedByteArrayInputStreamTest;C:\Users\vicfr\.jnose_projects\commons-io\src\main\java\org\apache\commons\io\input\UnsynchronizedByteArrayInputStream.java;380;19;86;2;0;0;0;0;0;44;0;0;0;0;0;4;0;0;17;3;0;0;3
commons-io;UnsynchronizedFilterInputStreamTest;C:\Users\vicfr\.jnose_projects\commons-io\src\main\java\org\apache\commons\io\input\UnsynchronizedFilterInputStream.java;171;15;0;3;0;0;0;0;0;1;0;0;2;0;0;0;0;0;0;0;0;0;2
commons-io;WindowsLineEndingInputStreamTest;C:\Users\vicfr\.jnose_projects\commons-io\src\main\java\org\apache\commons\io\input\WindowsLineEndingInputStream.java;201;29;3;1;0;0;0;0;0;0;0;0;0;0;0;0;0;0;0;0;0;0;1
commons-io;XmlStreamReaderTest;C:\Users\vicfr\.jnose_projects\commons-io\src\test\java\org\apache\commons\io\input\compatibility\XmlStreamReader.java;652;75;11;11;3;0;20;0;0;3;12;0;0;18;3;2;0;2;3;23;0;0;4
commons-io;MockXmlStreamReader;;327;1;0;0;0;0;12;0;0;0;0;0;0;1;0;0;0;0;0;0;0;0;0
commons-io;IOCaseTest;C:\Users\vicfr\.jnose_projects\commons-io\src\main\java\org\apache\commons\io\IOCase.java;357;26;137;0;0;0;0;0;0;83;1;0;0;0;3;1;0;0;0;0;0;0;7
commons-io;IOExceptionListTest;C:\Users\vicfr\.jnose_projects\commons-io\src\main\java\org\apache\commons\io\IOExceptionList.java;131;8;18;5;0;0;1;0;0;4;0;0;0;0;0;0;0;0;0;0;0;0;3
commons-io;IOExceptionWithCauseTest;C:\Users\vicfr\.jnose_projects\commons-io\src\main\java\org\apache\commons\io\IOExceptionWithCause.java;58;3;0;0;0;0;2;0;0;0;0;0;0;0;0;0;0;0;0;0;0;0;0
commons-io;IOIndexedExceptionTest;C:\Users\vicfr\.jnose_projects\commons-io\src\main\java\org\apache\commons\io\IOIndexedException.java;49;2;4;2;0;0;0;0;0;2;0;0;0;0;0;0;0;0;0;0;0;0;4
commons-io;IORandomAccessFileTest;C:\Users\vicfr\.jnose_projects\commons-io\src\main\java\org\apache\commons\io\IORandomAccessFile.java;72;5;2;3;3;0;0;0;0;0;0;0;0;0;2;0;0;3;0;3;0;0;3
commons-io;IOUtilsCopyTest;;478;34;0;0;0;0;1;0;0;8;0;0;0;1;0;0;0;0;0;0;0;0;0
commons-io;IOUtilsMultithreadedSkipTest;;147;10;0;0;0;0;2;0;0;0;0;0;0;1;0;1;0;0;0;0;0;0;0
commons-io;IOUtilsTest;C:\Users\vicfr\.jnose_projects\commons-io\src\main\java\org\apache\commons\io\IOUtils.java;1923;144;0;0;0;0;0;0;0;0;0;0;0;0;0;0;0;0;0;0;0;0;0
commons-io;IOUtilsWriteTest;;708;55;0;0;0;0;0;0;0;15;0;0;0;0;0;0;0;0;0;0;0;0;0
commons-io;LineIteratorTest;C:\Users\vicfr\.jnose_projects\commons-io\src\main\java\org\apache\commons\io\LineIterator.java;333;24;0;0;0;0;0;0;0;0;0;0;0;0;0;0;0;0;0;0;0;0;0
commons-io;AbstractMonitorTest;;152;9;0;0;0;0;0;0;0;0;0;0;0;0;0;0;0;0;0;0;0;0;0
commons-io;FileAlterationMonitorTest;C:\Users\vicfr\.jnose_projects\commons-io\src\main\java\org\apache\commons\io\monitor\FileAlterationMonitor.java;230;10;0;8;2;0;0;0;0;2;0;0;0;0;0;1;0;2;0;0;1;0;6
commons-io;FileAlterationObserverTest;C:\Users\vicfr\.jnose_projects\commons-io\src\main\java\org\apache\commons\io\monitor\FileAlterationObserver.java;518;23;14;12;12;0;0;0;0;0;0;0;0;0;2;5;0;12;0;0;1;0;7
commons-io;FileEntryTest;C:\Users\vicfr\.jnose_projects\commons-io\src\main\java\org\apache\commons\io\monitor\FileEntry.java;43;1;8;1;0;0;0;0;0;0;0;0;0;0;0;0;0;0;0;0;0;0;0
commons-io;SerializableFileTimeTest;C:\Users\vicfr\.jnose_projects\commons-io\src\main\java\org\apache\commons\io\monitor\SerializableFileTime.java;48;1;6;1;0;0;0;0;0;1;0;0;0;0;2;0;0;0;0;0;0;0;0
commons-io;AppendableOutputStreamTest;C:\Users\vicfr\.jnose_projects\commons-io\src\main\java\org\apache\commons\io\output\AppendableOutputStream.java;51;4;0;2;0;0;0;0;0;0;0;0;0;0;2;0;0;0;0;0;0;0;2
commons-io;AppendableWriterTest;C:\Users\vicfr\.jnose_projects\commons-io\src\main\java\org\apache\commons\io\output\AppendableWriter.java;90;8;0;6;0;0;0;0;0;1;0;0;0;0;6;0;0;0;0;0;0;0;3
commons-io;BrokenOutputStreamTest;C:\Users\vicfr\.jnose_projects\commons-io\src\main\java\org\apache\commons\io\output\BrokenOutputStream.java;104;8;3;1;0;0;0;0;0;1;0;0;0;0;0;0;0;0;0;1;0;0;1
commons-io;BrokenWriterTest;C:\Users\vicfr\.jnose_projects\commons-io\src\main\java\org\apache\commons\io\output\BrokenWriter.java;152;13;3;0;0;0;0;0;0;1;0;0;0;0;0;0;0;0;0;1;0;0;2
commons-io;UnsynchronizedByteArrayOutputStreamFactory;;633;2;0;0;0;0;0;0;0;23;0;0;0;0;0;6;0;0;0;0;0;0;0
commons-io;ChunkedOutputStreamTest;C:\Users\vicfr\.jnose_projects\commons-io\src\main\java\org\apache\commons\io\output\ChunkedOutputStream.java;119;7;0;6;0;0;0;0;0;3;0;0;0;0;0;0;0;0;0;6;0;0;3
commons-io;ChunkedWriterTest;C:\Users\vicfr\.jnose_projects\commons-io\src\main\java\org\apache\commons\io\output\ChunkedWriter.java;75;4;0;2;0;0;0;0;0;2;0;0;0;0;0;0;0;0;0;2;0;0;3
commons-io;ClosedOutputStreamTest;C:\Users\vicfr\.jnose_projects\commons-io\src\main\java\org\apache\commons\io\output\ClosedOutputStream.java;77;5;0;3;0;0;0;0;0;0;0;0;0;0;0;0;0;0;1;6;0;0;2
commons-io;ClosedWriterTest;C:\Users\vicfr\.jnose_projects\commons-io\src\main\java\org\apache\commons\io\output\ClosedWriter.java;50;2;0;2;0;0;0;0;0;0;0;0;0;0;0;0;0;0;0;2;0;0;1
commons-io;CloseShieldOutputStreamTest;C:\Users\vicfr\.jnose_projects\commons-io\src\main\java\org\apache\commons\io\output\CloseShieldOutputStream.java;62;5;1;0;0;0;0;0;0;1;0;0;0;0;0;0;0;0;0;0;0;0;0
commons-io;CloseShieldWriterTest;C:\Users\vicfr\.jnose_projects\commons-io\src\main\java\org\apache\commons\io\output\CloseShieldWriter.java;57;4;1;0;0;0;0;0;0;2;0;0;0;0;1;0;0;0;0;0;0;0;0
commons-io;CountingOutputStreamTest;C:\Users\vicfr\.jnose_projects\commons-io\src\main\java\org\apache\commons\io\output\CountingOutputStream.java;100;3;0;2;0;0;0;0;0;9;4;0;0;0;0;1;0;0;0;1;0;0;3
commons-io;DeferredFileOutputStreamTest;C:\Users\vicfr\.jnose_projects\commons-io\src\main\java\org\apache\commons\io\output\DeferredFileOutputStream.java;459;19;29;13;7;0;0;1;0;13;0;0;0;0;0;2;0;5;0;13;0;0;15
commons-io;FileWriterWithEncodingTest;C:\Users\vicfr\.jnose_projects\commons-io\src\main\java\org\apache\commons\io\output\FileWriterWithEncoding.java;326;25;0;0;0;0;0;0;0;0;0;0;0;0;0;0;0;0;0;0;0;0;0
commons-io;LockableFileWriterTest;C:\Users\vicfr\.jnose_projects\commons-io\src\main\java\org\apache\commons\io\output\LockableFileWriter.java;207;15;0;0;0;0;0;0;0;0;0;0;0;0;0;0;0;0;0;0;0;0;0
commons-io;NullAppendableTest;C:\Users\vicfr\.jnose_projects\commons-io\src\main\java\org\apache\commons\io\output\NullAppendable.java;38;1;0;0;0;0;1;0;0;0;0;0;0;0;0;0;0;0;0;0;0;0;0
commons-io;NullOutputStreamTest;C:\Users\vicfr\.jnose_projects\commons-io\src\main\java\org\apache\commons\io\output\NullOutputStream.java;53;3;0;0;0;0;2;0;0;0;0;0;0;0;0;0;0;0;0;2;0;0;0
commons-io;NullPrintStreamTest;C:\Users\vicfr\.jnose_projects\commons-io\src\main\java\org\apache\commons\io\output\NullPrintStream.java;53;3;0;0;0;0;2;0;0;0;0;0;0;0;0;0;0;0;0;2;0;0;0
commons-io;NullWriterTest;C:\Users\vicfr\.jnose_projects\commons-io\src\main\java\org\apache\commons\io\output\NullWriter.java;40;1;0;1;0;0;1;0;0;0;0;0;0;0;0;0;0;0;0;1;0;0;0
commons-io;ProxyCollectionWriterTest;C:\Users\vicfr\.jnose_projects\commons-io\src\main\java\org\apache\commons\io\output\ProxyCollectionWriter.java;470;23;21;23;0;0;0;0;0;42;6;0;0;0;24;1;0;0;0;24;0;0;5
commons-io;ProxyOutputStreamTest;C:\Users\vicfr\.jnose_projects\commons-io\src\main\java\org\apache\commons\io\output\ProxyOutputStream.java;96;8;8;3;0;0;0;0;0;2;0;0;1;0;0;0;0;0;2;0;0;0;2
commons-io;ProxyWriterTest;C:\Users\vicfr\.jnose_projects\commons-io\src\main\java\org\apache\commons\io\output\ProxyWriter.java;272;21;0;19;0;0;3;0;0;0;0;0;0;0;8;0;0;0;0;21;0;0;3
commons-io;QueueOutputStreamTest;C:\Users\vicfr\.jnose_projects\commons-io\src\main\java\org\apache\commons\io\output\QueueOutputStream.java;122;7;1;2;0;0;0;0;0;0;0;0;0;0;0;0;0;0;0;3;0;0;3
commons-io;RandomAccessFileOutputStreamTest;C:\Users\vicfr\.jnose_projects\commons-io\src\main\java\org\apache\commons\io\output\RandomAccessFileOutputStream.java;191;11;0;8;0;0;2;0;0;1;2;0;0;0;0;0;0;0;0;13;0;0;3
commons-io;StringBuilderWriterTest;C:\Users\vicfr\.jnose_projects\commons-io\src\main\java\org\apache\commons\io\output\StringBuilderWriter.java;145;13;7;12;0;0;0;0;0;0;0;0;0;0;18;0;0;0;0;12;0;0;4
commons-io;TaggedOutputStreamTest;C:\Users\vicfr\.jnose_projects\commons-io\src\main\java\org\apache\commons\io\output\TaggedOutputStream.java;124;3;9;2;0;0;0;0;0;1;0;0;0;0;0;1;0;0;4;5;0;0;3
commons-io;TaggedWriterTest;C:\Users\vicfr\.jnose_projects\commons-io\src\main\java\org\apache\commons\io\output\TaggedWriter.java;111;3;9;2;0;0;0;0;0;4;0;0;0;0;0;1;0;0;3;5;0;0;3
commons-io;TeeOutputStreamTest;C:\Users\vicfr\.jnose_projects\commons-io\src\main\java\org\apache\commons\io\output\TeeOutputStream.java;111;4;0;3;0;0;0;0;0;0;3;0;0;0;0;1;0;0;0;1;0;0;2
commons-io;TeeWriterTest;C:\Users\vicfr\.jnose_projects\commons-io\src\main\java\org\apache\commons\io\output\TeeWriter.java;384;23;21;18;0;0;0;0;0;42;6;0;0;0;24;1;0;0;0;3;0;0;4
commons-io;ThresholdingOutputStreamTest;C:\Users\vicfr\.jnose_projects\commons-io\src\main\java\org\apache\commons\io\output\ThresholdingOutputStream.java;293;11;35;10;0;0;0;1;0;16;0;0;0;0;0;1;0;0;15;12;0;0;6
commons-io;UncheckedAppendableTest;C:\Users\vicfr\.jnose_projects\commons-io\src\main\java\org\apache\commons\io\output\UncheckedAppendable.java;88;11;0;0;0;0;0;0;0;0;0;0;3;0;4;0;0;0;0;0;0;0;0
commons-io;UncheckedFilterOutputStreamTest;C:\Users\vicfr\.jnose_projects\commons-io\src\main\java\org\apache\commons\io\output\UncheckedFilterOutputStream.java;113;16;0;0;0;0;6;0;0;0;0;0;3;0;2;0;0;0;0;0;0;0;3
commons-io;UncheckedFilterWriterTest;C:\Users\vicfr\.jnose_projects\commons-io\src\main\java\org\apache\commons\io\output\UncheckedFilterWriter.java;183;30;0;0;0;0;13;0;0;0;0;0;3;0;2;0;0;0;0;0;0;0;4
commons-io;WriterOutputStreamTest;C:\Users\vicfr\.jnose_projects\commons-io\src\main\java\org\apache\commons\io\output\WriterOutputStream.java;240;30;5;6;0;0;13;0;0;1;3;0;0;4;10;0;0;0;3;12;0;0;5
commons-io;XmlStreamWriterTest;C:\Users\vicfr\.jnose_projects\commons-io\src\main\java\org\apache\commons\io\output\XmlStreamWriter.java;179;22;0;1;0;0;13;0;0;0;0;0;0;0;0;0;0;0;0;2;0;0;0
commons-io;RandomAccessFileModeTest;C:\Users\vicfr\.jnose_projects\commons-io\src\main\java\org\apache\commons\io\RandomAccessFileMode.java;164;16;20;2;0;0;0;0;0;0;0;0;0;0;4;0;0;0;0;3;0;0;3
commons-io;RandomAccessFilesTest;C:\Users\vicfr\.jnose_projects\commons-io\src\main\java\org\apache\commons\io\RandomAccessFiles.java;145;6;22;1;0;0;0;2;0;5;0;0;0;0;0;1;0;0;8;5;0;0;0
commons-io;AbstractCloseableListTest;;56;4;0;0;0;0;0;0;0;0;0;0;0;0;0;0;0;0;0;0;0;0;0
commons-io;FullClassNameMatcherTest;C:\Users\vicfr\.jnose_projects\commons-io\src\main\java\org\apache\commons\io\serialization\FullClassNameMatcher.java;45;3;1;2;0;0;0;0;0;0;0;0;0;0;0;0;0;0;0;0;0;0;2
commons-io;MoreComplexObjectTest;C:\Users\vicfr\.jnose_projects\commons-io\src\test\java\org\apache\commons\io\serialization\MoreComplexObject.java;115;7;0;0;0;0;0;0;0;0;0;0;0;0;0;0;0;0;0;0;0;0;0
commons-io;RegexpClassNameMatcherTest;C:\Users\vicfr\.jnose_projects\commons-io\src\main\java\org\apache\commons\io\serialization\RegexpClassNameMatcher.java;65;5;4;3;0;0;0;0;0;0;0;0;0;0;0;0;0;0;0;0;0;0;2
commons-io;ValidatingObjectInputStreamTest;C:\Users\vicfr\.jnose_projects\commons-io\src\main\java\org\apache\commons\io\serialization\ValidatingObjectInputStream.java;327;39;4;14;0;0;1;0;0;0;0;0;0;0;0;2;0;0;2;9;0;0;7
commons-io;WildcardClassNameMatcherTest;C:\Users\vicfr\.jnose_projects\commons-io\src\main\java\org\apache\commons\io\serialization\WildcardClassNameMatcher.java;53;3;4;3;0;0;0;0;0;0;0;0;0;0;0;0;0;0;0;0;0;0;2
commons-io;StandardLineSeparatorTest;C:\Users\vicfr\.jnose_projects\commons-io\src\main\java\org\apache\commons\io\StandardLineSeparator.java;65;6;0;0;0;0;0;0;0;0;0;0;0;0;0;0;0;0;0;0;0;0;2
commons-io;StreamIteratorTest;C:\Users\vicfr\.jnose_projects\commons-io\src\main\java\org\apache\commons\io\StreamIterator.java;60;2;2;1;0;0;0;0;0;2;1;0;0;0;0;0;0;0;0;0;0;0;1
commons-io;TaggedIOExceptionTest;C:\Users\vicfr\.jnose_projects\commons-io\src\main\java\org\apache\commons\io\TaggedIOException.java;45;1;3;1;0;0;0;0;0;0;0;0;0;0;0;0;0;0;0;0;0;0;0
commons-io;TestUtils;;271;19;0;0;0;0;0;0;0;0;0;0;0;0;0;0;0;0;0;0;0;0;0
commons-io;ThreadMonitorTest;C:\Users\vicfr\.jnose_projects\commons-io\src\main\java\org\apache\commons\io\ThreadMonitor.java;90;4;0;0;0;0;0;0;0;0;0;0;0;0;0;0;0;0;0;3;0;0;2
commons-io;UncheckedIOExceptionsTest;C:\Users\vicfr\.jnose_projects\commons-io\src\main\java\org\apache\commons\io\UncheckedIOExceptions.java;60;2;2;0;0;0;0;0;0;0;0;0;0;0;0;0;0;0;0;2;0;0;0
